<?xml version="1.0" encoding="UTF-8"?>
<datasources>
<datasource jta="true" jndi-name="java:/ctpj-mensageriaDS" pool-name="ctpj-mensageriaDS" enabled="true" use-ccm="true">
                    <connection-url>jdbc:oracle:thin:@srvodb003d:1527:cotd</connection-url>
<driver>oracle</driver>
	<pool>
		<min-pool-size>5</min-pool-size>
		<max-pool-size>10</max-pool-size>
		<prefill>true</prefill>
		<flush-strategy>IdleConnections</flush-strategy>
	</pool>
	 <security>
                        <user-name>APPMSGCTP</user-name>
                        <password>RP2DX8GUBOAY</password>
                    </security>
	<validation>
		<check-valid-connection-sql>SELECT 1 FROM DUAL</check-valid-connection-sql>
		<background-validation>true</background-validation>
		<background-validation-millis>60000</background-validation-millis>
	</validation>
	<timeout>
		<blocking-timeout-millis>30000</blocking-timeout-millis>
		<idle-timeout-minutes>3</idle-timeout-minutes>
		<query-timeout>300</query-timeout>
	</timeout>
	<statement>
		<track-statements>true</track-statements>
		<prepared-statement-cache-size>0</prepared-statement-cache-size>
	</statement>
	</datasource>
</datasources>